Demographic Parity,False Positive Rate (Equalized Odds),False Negative Rate (Equalized Odds),Qualified Rate (Predictive Rate Parity),Unqualified Rate (Predictive Rate Parity)
0.2222222222222222,0.1111111111111111,0.2222222222222222,0.3333333333333333,0.16666666666666666
0.193717277486911,0.13089005235602094,0.39790575916230364,0.13636363636363635,0.24271844660194175
