Gender,0,1
Man,0.4592332259052397,0.5407667740947604
NonBinary,0.4668125455871627,0.5331874544128373
Woman,0.5511654349061967,0.4488345650938033
